{
  "version": 2,
  "routes": [
    { "src": "/", "dest": "/index.html" },
    { "src": "/index", "dest": "/index.html" },
    { "src": "/index.html", "dest": "/index.html" },
    { "src": "/account", "dest": "/account.html" },
    { "src": "/account.html", "dest": "/account.html" },
    { "src": "/login", "dest": "/account.html" },
    { "src": "/signup", "dest": "/account.html" },
    { "src": "/(.*)", "dest": "/$1" }
  ],
  "rewrites": [
    { "source": "/", "destination": "/index.html" },
    { "source": "/account", "destination": "/account.html" },
    { "source": "/login", "destination": "/account.html" },
    { "source": "/signup", "destination": "/account.html" }
  ]
}